<?xml version="1.0"?>
<theme id="default">
	<gridwidth>32</gridwidth>
	<gridheight>32</gridheight>
	<celltypes>
		<celltype id="default_wall1">
			<name>Wall 1</name>
			<width>1</width>
			<height>1</height>
			<clip>true</clip>
			<color>#0000FF</color>
			<image>wall1.png</image>
		</celltype>
		<celltype id="default_wall2">
			<name>Wall 2</name>
			<width>1</width>
			<height>1</height>
			<clip>true</clip>
			<color>#00FF00</color>
			<image>wall2.png</image>
		</celltype>
		<celltype id="default_wall3">
			<name>Wall 3</name>
			<width>1</width>
			<height>1</height>
			<clip>true</clip>
			<color>#FF0000</color>
			<image>wall3.png</image>
		</celltype>
		<celltype id="default_floor1">
			<name>Floor 1</name>
			<width>1</width>
			<height>1</height>
			<clip>false</clip>
			<color>#000000</color>
			<image>floor1.png</image>
		</celltype>
		<celltype id="default_floor2">
			<name>Floor 2</name>
			<width>1</width>
			<height>1</height>
			<clip>false</clip>
			<color>#FFFFFF</color>
			<image>floor2.png</image>
		</celltype>
		<celltype id="default_floor3">
			<name>Floor 3</name>
			<width>1</width>
			<height>1</height>
			<clip>false</clip>
			<color>#FFFFFF</color>
			<image>floor3.png</image>
		</celltype>
	</celltypes>
</theme>